{"name":"0c71bd78-9d89-4f9d-be74-07b5803dbd43","id":"/providers/Microsoft.Flow/flows/0c71bd78-9d89-4f9d-be74-07b5803dbd43","type":"Microsoft.Flow/flows","properties":{"apiId":"/providers/Microsoft.PowerApps/apis/shared_logicflows","displayName":"Reminder to drink water","definition":{"metadata":{"workflowEntityId":null,"creator":{"id":"b076e19e-2637-451c-aa97-d46732eb049e","type":"User","tenantId":"c9e8e454-ead6-40c6-bc93-5b83567d5e1a"},"provisioningMethod":"FromDefinition","failureAlertSubscription":true,"clientLastModifiedTime":"2019-08-22T17:04:13.1299609Z"},"$schema":"https://schema.management.azure.com/providers/Microsoft.Logic/schemas/2016-06-01/workflowdefinition.json#","contentVersion":"1.0.0.0","parameters":{"$connections":{"defaultValue":{},"type":"Object"},"$authentication":{"defaultValue":{},"type":"SecureObject"}},"triggers":{"Recurrence":{"recurrence":{"frequency":"Hour","interval":1,"timeZone":"Eastern Standard Time"},"type":"Recurrence"}},"actions":{"Condition":{"actions":{"Post_a_choice_of_options_as_the_Flow_bot_to_a_user":{"runAfter":{},"metadata":{"flowSystemMetadata":{"swaggerOperationId":"SubscribeUserMessageWithOptions"}},"type":"ApiConnectionWebhook","inputs":{"host":{"connection":{"name":"@parameters('$connections')['shared_teams']['connectionId']"},"api":{"runtimeUrl":"https://flow-apim-msmanaged-na-northcentralus-01.azure-apim.net/apim/teams"}},"body":{"notificationUrl":"@{listCallbackUrl()}","body":{"options":["💧","💧💧","💧💧💧"],"messageTitle":"Drink some water yo! 💧💧💧","recipient":{"to":"Vivek.Bavishi@regalbeloit.com;"},"messageBody":"Be honest and tell me how much did you drink?"}},"path":"/flowbot/actions/messagewithoptions/recipienttypes/user/$subscriptions","authentication":"@parameters('$authentication')"}},"Switch":{"runAfter":{"Post_a_choice_of_options_as_the_Flow_bot_to_a_user":["Succeeded"]},"cases":{"Case":{"case":"💧","actions":{"Set_variable":{"runAfter":{},"type":"SetVariable","inputs":{"name":"AmountOfWater","value":50}}}},"Case_2":{"case":"💧💧","actions":{"Set_variable_2":{"runAfter":{},"type":"SetVariable","inputs":{"name":"AmountOfWater","value":100}}}},"Case_3":{"case":"💧💧💧","actions":{"Set_variable_3":{"runAfter":{},"type":"SetVariable","inputs":{"name":"AmountOfWater","value":200}}}}},"default":{"actions":{}},"expression":"@body('Post_a_choice_of_options_as_the_Flow_bot_to_a_user')['selectedOption']","type":"Switch"},"Create_item":{"runAfter":{"Convert_time_zone_2":["Succeeded"]},"metadata":{"flowSystemMetadata":{"swaggerOperationId":"PostItem"}},"type":"ApiConnection","inputs":{"host":{"connection":{"name":"@parameters('$connections')['shared_sharepointonline']['connectionId']"},"api":{"runtimeUrl":"https://flow-apim-msmanaged-na-northcentralus-01.azure-apim.net/apim/sharepointonline"}},"method":"post","body":{"Title":"@{variables('AmountOfWater')}","Time":"@body('Convert_time_zone_2')"},"path":"/datasets/@{encodeURIComponent(encodeURIComponent('https://regalbeloit.sharepoint.com/sites/CI-ProductContentManagement'))}/tables/@{encodeURIComponent(encodeURIComponent('78d86d32-dfa7-4976-b8c4-0c163192755c'))}/items","authentication":"@parameters('$authentication')"}},"Convert_time_zone_2":{"runAfter":{"Switch":["Succeeded"]},"type":"Expression","kind":"ConvertTimeZone","inputs":{"baseTime":"@body('Post_a_choice_of_options_as_the_Flow_bot_to_a_user')['responseTime']","formatString":"o","sourceTimeZone":"UTC","destinationTimeZone":"Eastern Standard Time"}}},"runAfter":{"Compose":["Succeeded"]},"expression":{"and":[{"greaterOrEquals":["@int(formatDateTime(body('Convert_time_zone'),'HH'))",8]},{"lessOrEquals":["@int(formatDateTime(body('Convert_time_zone'),'HH'))",16]}]},"type":"If"},"Current_time":{"runAfter":{},"type":"Expression","kind":"CurrentTime","inputs":{}},"Initialize_variable":{"runAfter":{"Convert_time_zone":["Succeeded"]},"type":"InitializeVariable","inputs":{"variables":[{"name":"AmountOfWater","type":"Integer"}]}},"Compose":{"runAfter":{"Initialize_variable":["Succeeded"]},"type":"Compose","inputs":"@int(formatDateTime(body('Convert_time_zone'),'HH'))"},"Convert_time_zone":{"runAfter":{"Current_time":["Succeeded"]},"type":"Expression","kind":"ConvertTimeZone","inputs":{"baseTime":"@body('Current_time')","formatString":"u","sourceTimeZone":"UTC","destinationTimeZone":"Eastern Standard Time"}}},"outputs":{}},"connectionReferences":{"shared_teams":{"connectionName":"2e045354bd2d48c7a419e36eba0b330c","source":"Embedded","id":"/providers/Microsoft.PowerApps/apis/shared_teams","tier":"NotSpecified"},"shared_sharepointonline":{"connectionName":"dea81af51f574f3cb4082e6c4fe17b5b","source":"Embedded","id":"/providers/Microsoft.PowerApps/apis/shared_sharepointonline","tier":"NotSpecified"}},"flowFailureAlertSubscribed":false}}